{"kind": "platt", "a": 2.5527269797721077, "b": -0.28772099274056856}