{"kind": "platt", "a": 1.239444915467244, "b": 0.4788898309344864}