{"kind": "platt", "a": 1.1822045780109685, "b": 0.3644091560219508}