{"kind": "platt", "a": 1.1283922208279278, "b": 0.2567844416558648}