{"obs": {"mu_c": 0.991304347826087, "sd_c": 0.05, "mu_w": 0.9553846153846154, "sd_w": 0.07985563898011885}, "rc": 1.0, "pw": -2.0, "cost": 0.3}