{"obs": {"mu_c": 0.9896296296296296, "sd_c": 0.05, "mu_w": 0.9511111111111111, "sd_w": 0.05}, "rc": 1.0, "pw": -2.0, "cost": 0.3}