{"obs": {"mu_c": 0.912, "sd_c": 0.18443607745413224, "mu_w": 0.9681818181818183, "sd_w": 0.05}, "rc": 1.0, "pw": -2.0, "cost": 0.3}