{"kind": "platt", "a": 1.5712166031412405, "b": -0.9500207480671269}