{"kind": "platt", "a": 1.233606376552131, "b": -0.4946369632339274}