{"kind": "platt", "a": 1.1407820092956902, "b": -0.4035490935434819}