{"kind": "platt", "a": 1.7844069224228574, "b": -0.6308418968052175}